,precision,recall,f1-score,support
Negative,0.8782678108162043,0.8802,0.879232843871741,5000.0
Positive,0.879935858889557,0.878,0.8789668635499049,5000.0
accuracy,0.8791,0.8791,0.8791,0.8791
macro avg,0.8791018348528807,0.8791,0.879099853710823,10000.0
weighted avg,0.8791018348528807,0.8791,0.8790998537108229,10000.0
