,precision,recall,f1-score,support
Negative,0.8965026433509556,0.8818,0.8890905424480742,5000.0
Positive,0.8837072018890201,0.8982,0.8908946637571911,5000.0
accuracy,0.89,0.89,0.89,0.89
macro avg,0.8901049226199879,0.89,0.8899926031026326,10000.0
weighted avg,0.8901049226199879,0.89,0.8899926031026327,10000.0
