,precision,recall,f1-score,support
Negative,0.8686237768061628,0.8344,0.8511680097929205,5000.0
Positive,0.8406773138349047,0.8738,0.8569187015788957,5000.0
accuracy,0.8541,0.8541,0.8541,0.8541
macro avg,0.8546505453205337,0.8541000000000001,0.8540433556859082,10000.0
weighted avg,0.8546505453205339,0.8541,0.8540433556859082,10000.0
