,precision,recall,f1-score,support
0,0.8850894632206759,0.8904,0.8877367896311067,5000.0
1,0.889738430583501,0.8844,0.887061183550652,5000.0
accuracy,0.8874,0.8874,0.8874,0.8874
macro avg,0.8874139469020885,0.8874,0.8873989865908793,10000.0
weighted avg,0.8874139469020883,0.8874,0.8873989865908792,10000.0
