,precision,recall,f1-score,support
0,0.8804892721074794,0.8782,0.8793431460899169,5000.0
1,0.8785158587672053,0.8808,0.8796564466193948,5000.0
accuracy,0.8795,0.8795,0.8795,0.8795
macro avg,0.8795025654373423,0.8795,0.8794997963546558,10000.0
weighted avg,0.8795025654373423,0.8795,0.8794997963546559,10000.0
