Model,Accuracy,Precision,Recall,F1-Score
Logistic Regression,89.0,0.8901049226199879,0.89,0.8899926031026327
Naive Bayes,86.22,0.8874139469020883,0.8874,0.8873989865908792
Random Forest,85.95,0.8595051912549617,0.8595,0.859499492793169
SVM,89.01,0.8902787320481288,0.8901,0.8900874161082701
LightGBM,86.27,0.8795025654373423,0.8795,0.8794997963546559
Neural Network,88.92,0.8892389238923891,0.8892,0.8891972299307483
